species,allele,length,source,peptide,binder,deMHC_BA,deMHC_AP,deMHC_PS
Homo sapiens,HLA-A1101,9,natural,CILGKLFTK,1,0.6800569,1.0,0.9814533970581977
Homo sapiens,HLA-A0201,10,natural,FIASNGVKLV,1,0.4170727,0.99688137,0.9460160551348455
Homo sapiens,HLA-B3501,9,natural,FPSDSWCYF,1,1.0267178,1.0,0.9955120397985845
Homo sapiens,HLA-A1101,9,natural,AVCPWTWLR,1,0.7307209,0.9993051,0.9848454984404034
Homo sapiens,HLA-A0201,9,natural,ILDKVLVHL,1,0.56848776,1.0,0.970900870333228
Homo sapiens,HLA-A0201,9,natural,GLFGDIYLA,1,0.7721499,1.0,0.9872509098696972
Homo sapiens,HLA-A0301,10,natural,KILDAVVAQK,1,0.6087985,1.0,0.9752570978500438
Homo sapiens,HLA-A6801,9,natural,ETVSEQSNV,1,0.18323556,0.4907691,0.2646099557952151
Homo sapiens,HLA-A0201,10,natural,SLADEAEVYL,1,0.6187533,1.0,0.9762309779542065
Homo sapiens,HLA-A0101,9,natural,YTDFHCQYV,1,0.79897344,1.0,0.9885737952648929
Homo sapiens,HLA-A0201,10,natural,ACDPHSGHFV,1,0.1912587,0.4729355,0.2512734346979786
Homo sapiens,HLA-A0301,10,natural,TLDWLLQTPK,1,0.6753945,0.9566865,0.9758649869172844
Homo sapiens,HLA-A2402,9,natural,SYLDSGIHF,1,0.5071559,1.0,0.9628154177375543
Homo sapiens,HLA-A0201,9,natural,ILNAMIAKI,1,0.56590474,1.0,0.9705976599701445
Homo sapiens,HLA-A0201,10,natural,SLFEGIDIYT,1,0.7422788,1.0,0.9855993397145917
Homo sapiens,HLA-A1101,9,natural,KTLTSVFQK,1,0.6504946,1.0,0.9790928614292337
Homo sapiens,HLA-A0201,9,natural,FLDEFMEGV,1,0.8495779,1.0,0.9907106594924289
Homo sapiens,HLA-B4402,9,natural,AEPINIQTW,1,0.6574089,1.0,0.979670035235709
Homo sapiens,HLA-B4402,9,natural,EEKLIVVLF,1,0.511515,1.0,0.9634552433579308
Homo sapiens,HLA-B4402,11,natural,SELFRSGLDSY,1,0.5896584,0.999693,0.9732280981511685
Homo sapiens,HLA-C0602,9,natural,FRSGLDSYV,1,0.93346095,0.9483557,0.9911501917548796
Homo sapiens,HLA-A6801,9,natural,EAFIQPITR,1,0.7800331,1.0,0.9876546518474708
Homo sapiens,HLA-A0101,11,natural,FLEGNEVGKTY,1,0.314986,1.0,0.9212554842223868
Homo sapiens,HLA-B4402,9,natural,KELEGILLL,1,0.38609526,0.99999964,0.9401104587624651
Homo sapiens,HLA-C1402,8,natural,CYMEAVAL,1,0.30300042,0.99997175,0.9175728380244907
Homo sapiens,HLA-B0702,9,natural,RPHVPESAF,1,0.6626637,1.0,0.980098218014323
Homo sapiens,HLA-A0101,10,natural,ILDTAGREEY,1,0.49083707,1.0,0.9603232569685384
Homo sapiens,HLA-A0301,9,natural,KIFSEVTLK,1,0.67403007,1.0,0.9809943905357573
Homo sapiens,HLA-B3801,9,natural,SHETVIIEL,1,0.42984885,1.0,0.9495198772108748
Homo sapiens,HLA-B0801,9,natural,GFKQSSKAL,1,0.25496778,0.9932803,0.8977668730100213
Homo sapiens,HLA-A0301,9,natural,KINKNPKYK,1,0.67905605,1.0,0.9813779300687101
Homo sapiens,HLA-A0201,9,natural,SSKALQRPV,1,0.109474346,0.52393574,0.24309486746080033
Homo sapiens,HLA-A0201,9,natural,RIAECILGM,1,0.5351739,0.9999951,0.9667461992460572
Homo sapiens,HLA-A0201,9,natural,FLIIWQNTM,1,0.5590267,0.9999794,0.9697717785232094
Homo sapiens,HLA-A0201,9,natural,FLIIWQNTM,1,0.5590267,0.9999794,0.9697717785232094
Homo sapiens,HLA-A0201,9,natural,FLIIWQNTM,1,0.5590267,0.9999794,0.9697717785232094
Homo sapiens,HLA-A0101,10,natural,YVDFREYEYY,1,0.7388779,1.0,0.985398420012945
Homo sapiens,HLA-A0201,10,natural,SLYKFSPFPL,1,0.64740753,0.9997668,0.9788021345476262
Homo sapiens,HLA-A0201,9,natural,VVMSWAPPV,1,0.87512195,0.9999428,0.9916310704066503
Homo sapiens,HLA-A0201,9,natural,VVPCEPPEV,1,0.41511613,0.9999703,0.9465106633092701
Homo sapiens,HLA-A0201,10,natural,LLLDDLLVSI,1,0.63389665,1.0,0.9776411241590224
Homo sapiens,HLA-B3501,9,natural,VVVGAVGVG,1,0.090038896,0.001309067,0.014337936396044734
Homo sapiens,HLA-B0702,10,natural,QRPYGYDQIM,1,0.08564839,0.33816722,0.09065104062542438
Homo sapiens,HLA-A0201,9,natural,RLSSCVPVA,1,0.691393,0.999563,0.9822435634234082
Homo sapiens,HLA-C0802,9,natural,GADGVGKSA,1,0.20253289,0.99905515,0.8796577631045662
Homo sapiens,HLA-C0802,10,natural,GADGVGKSAL,1,0.30819637,0.99999917,0.9191946957375028
Homo sapiens,HLA-A0201,9,natural,VVPCEPPEV,1,0.41511613,0.9999703,0.9465106633092701
Homo sapiens,HLA-A1101,8,artificial,AVLHAQQA,0,0.036823064,0.0006418824,0.011495367313444787
Homo sapiens,HLA-A1101,8,artificial,PGARHKPF,0,0.03417626,0.027259022,0.013233581030105461
Homo sapiens,HLA-A1101,8,artificial,APVVALRR,0,0.0861972,0.006231934,0.014515826278079588
Homo sapiens,HLA-A1101,8,artificial,EGNAGRVG,0,0.04359801,0.002545923,0.011946958475479727
Homo sapiens,HLA-A1101,8,artificial,SRGGLALR,0,0.060038567,0.027197272,0.014699749175786096
Homo sapiens,HLA-A1101,9,artificial,ALDTYVVTP,0,0.098563984,0.0145840645,0.016006924588084896
Homo sapiens,HLA-A1101,9,artificial,RPAYAVLLG,0,0.09044646,0.013984084,0.015434182378697335
Homo sapiens,HLA-A1101,9,artificial,TADSVKAIQ,0,0.1053884,0.08910063,0.025072107185139816
Homo sapiens,HLA-A1101,9,artificial,SSLATPGAE,0,0.13882619,0.0017262399,0.017527353612809025
Homo sapiens,HLA-A1101,9,artificial,ALESETGPT,0,0.09984329,0.0012910366,0.014920638396304356
Homo sapiens,HLA-A1101,10,artificial,NGGFSGDMPN,0,0.062060937,0.038487554,0.015802814088027913
Homo sapiens,HLA-A1101,10,artificial,WQKQKRSRVH,0,0.05840069,0.004985422,0.01286882995371155
Homo sapiens,HLA-A1101,10,artificial,VAAAAAAGLP,0,0.04773715,0.21823692,0.04092841022644882
Homo sapiens,HLA-A1101,10,artificial,KEGRAYVAHL,0,0.040871605,0.004012704,0.011913818042126581
Homo sapiens,HLA-A1101,10,artificial,AGGVSSLHDS,0,0.060133338,0.0012712777,0.012688951659133722
Homo sapiens,HLA-A1101,11,artificial,ADDSTVIVGRV,0,0.066781506,0.002435118,0.0131245780302578
Homo sapiens,HLA-A1101,11,artificial,PVGPLVKARRL,0,0.06521575,0.0043003857,0.013180196166691135
Homo sapiens,HLA-A1101,11,artificial,AQLPPVPAEST,0,0.0454832,0.029845536,0.014063425685760467
Homo sapiens,HLA-A1101,11,artificial,AAARRTGHVAL,0,0.057246387,0.021248966,0.01405023780205872
Homo sapiens,HLA-A1101,11,artificial,TYRVALLRARY,0,0.15889853,0.0004620254,0.018879450898608124
Homo sapiens,HLA-A0201,8,artificial,RLITVLGF,0,0.19045372,0.7625407,0.6399507414677332
Homo sapiens,HLA-A0201,8,artificial,AGKAHVRW,0,0.034533843,0.007244259,0.01182512159526003
Homo sapiens,HLA-A0201,8,artificial,SVVLSRGV,0,0.14294603,0.29273918,0.08860010912496397
Homo sapiens,HLA-A0201,8,artificial,PAAGPAAR,0,0.051844627,0.037181437,0.015047137765308347
Homo sapiens,HLA-A0201,8,artificial,ALDETARL,0,0.31226918,0.940528,0.8914162696755871
Homo sapiens,HLA-A0201,9,artificial,YGSFAVVLL,0,0.18564144,0.6834446,0.5247463066022547
Homo sapiens,HLA-A0201,9,artificial,LPLGLADVA,0,0.08892819,0.0349828,0.017279878166971727
Homo sapiens,HLA-A0201,9,artificial,DATLRILLN,0,0.06797722,0.28214833,0.06286391518640755
Homo sapiens,HLA-A0201,9,artificial,TLALGHRAL,0,0.36376122,0.7129067,0.7321081666262153
Homo sapiens,HLA-A0201,9,artificial,VAREPTASA,0,0.083900824,0.14349577,0.03119783087823353
Homo sapiens,HLA-A0201,10,artificial,HTVDGQRQAV,0,0.33720177,0.9530883,0.9072747462123957
Homo sapiens,HLA-A0201,10,artificial,TWPDVLGQVR,0,0.056995258,0.03388375,0.015080868149563048
Homo sapiens,HLA-A0201,10,artificial,PGAARAVFPD,0,0.041572645,0.0213525,0.013188095549312773
Homo sapiens,HLA-A0201,10,artificial,FSDLMLAGAT,0,0.12522976,0.25193852,0.06664484688526329
Homo sapiens,HLA-A0201,10,artificial,GVTLDGPPTH,0,0.056387797,0.08193421,0.019752775607789635
Homo sapiens,HLA-A0201,11,artificial,RRAAALHDTER,0,0.06272313,0.0008620322,0.012793935883811586
Homo sapiens,HLA-A0201,11,artificial,RWKSGLVGLVT,0,0.0580696,0.005116433,0.012861043624099825
Homo sapiens,HLA-A0201,11,artificial,RGDFQDGKLGE,0,0.07715991,0.0016714036,0.013632704728418777
Homo sapiens,HLA-A0201,11,artificial,VRVSKGPTSAV,0,0.061977327,0.06308544,0.01816164824939044
Homo sapiens,HLA-A0201,11,artificial,IREAAVLDALV,0,0.09130108,0.028183937,0.016787598400123224
Homo sapiens,HLA-B3501,8,artificial,VMATTVVG,0,0.05580093,1.547226e-05,0.01237766488236276
Homo sapiens,HLA-B3501,8,artificial,GAFGLFEI,0,0.042888433,0.029304028,0.01387267253541125
Homo sapiens,HLA-B3501,8,artificial,SDRKAAAR,0,0.070996985,0.0011650622,0.0132560663370341
Homo sapiens,HLA-B3501,8,artificial,AVLSVNSD,0,0.056418538,0.0010220408,0.012480262391323223
Homo sapiens,HLA-B3501,8,artificial,QTRQDAGA,0,0.050433993,3.2806593e-06,0.012108511741155509
Homo sapiens,HLA-B3501,9,artificial,GRLFEPGGV,0,0.11012098,0.0007016361,0.015506197688231317
Homo sapiens,HLA-B3501,9,artificial,EDINPAYRA,0,0.09637892,0.0014288723,0.014723119098491784
Homo sapiens,HLA-B3501,9,artificial,NALVVRVGL,0,0.2452921,0.46710798,0.2886260874880939
Homo sapiens,HLA-B3501,9,artificial,RAELSPADL,0,0.11758801,0.015838921,0.01741741477259993
Homo sapiens,HLA-B3501,9,artificial,IRVLRSREA,0,0.08371967,6.941114e-05,0.013875220317803917
Homo sapiens,HLA-B3501,10,artificial,GASERDTIIG,0,0.084426224,0.014734834,0.015124876955352268
Homo sapiens,HLA-B3501,10,artificial,LPGAGAPDRV,0,0.14442201,0.033964485,0.021515297135415966
Homo sapiens,HLA-B3501,10,artificial,ADNGRAGVAI,0,0.06783825,0.002330333,0.013173423675002889
Homo sapiens,HLA-B3501,10,artificial,AHGGYDGVTV,0,0.060394526,0.00058066845,0.012652629981986985
Homo sapiens,HLA-B3501,10,artificial,RVIEDAWRVD,0,0.07361251,0.0021802485,0.013475865399239818
Homo sapiens,HLA-B3501,11,artificial,FDWQLKTAIYL,0,0.12903419,0.019544095,0.018632765897659834
Homo sapiens,HLA-B3501,11,artificial,GADDDRLFDFA,0,0.05343117,0.00028175116,0.012277085312863313
Homo sapiens,HLA-B3501,11,artificial,APPTLPELECK,0,0.09470348,0.22843558,0.05209628618535906
Homo sapiens,HLA-B3501,11,artificial,DSIDYPAAILP,0,0.07762724,0.01905337,0.015077283959701737
Homo sapiens,HLA-B3501,11,artificial,AARAEYGVDRI,0,0.042862177,0.009429455,0.012387523842017262
Homo sapiens,HLA-A0301,8,artificial,SKAAGDAE,0,0.041821957,0.00036925077,0.011714363852536918
Homo sapiens,HLA-A0301,8,artificial,ARPSHGFP,0,0.026225597,0.00095045567,0.011027439729095928
Homo sapiens,HLA-A0301,8,artificial,FTQLARVD,0,0.054860502,0.008020908,0.01290536471836758
Homo sapiens,HLA-A0301,8,artificial,ADAQWREV,0,0.05767986,0.0015645027,0.01258350555057924
Homo sapiens,HLA-A0301,8,artificial,TIGDVLRE,0,0.049408883,0.0114402175,0.012869538606613736
Homo sapiens,HLA-A0301,9,artificial,FGLTYIYAP,0,0.10281649,0.027549833,0.01752861087209319
Homo sapiens,HLA-A0301,9,artificial,AVHPARDHP,0,0.14348459,0.0052698255,0.018224175405705114
Homo sapiens,HLA-A0301,9,artificial,GDGVSTPSG,0,0.068707556,0.00012820959,0.013055555818283673
Homo sapiens,HLA-A0301,9,artificial,RDHNREDKT,0,0.066545844,0.0011209548,0.013014247527399884
Homo sapiens,HLA-A0301,9,artificial,LEVLSHTRM,0,0.06989759,0.040974677,0.016546486628464488
Homo sapiens,HLA-A0301,10,artificial,GATLNYALGA,0,0.05809194,0.0003439486,0.01251737636428785
Homo sapiens,HLA-A0301,10,artificial,YWRAALLKLG,0,0.065592006,0.0032602847,0.013122528339187336
Homo sapiens,HLA-A0301,10,artificial,GIPPGLFDDR,0,0.09270254,0.022891939,0.01638428085032721
Homo sapiens,HLA-A0301,10,artificial,PPSYAEPERR,0,0.05150558,0.0062066317,0.01259903314148386
Homo sapiens,HLA-A0301,10,artificial,ETELAIELAR,0,0.15529361,0.05472502,0.025269570647532786
Homo sapiens,HLA-A0301,11,artificial,AAWLGTDLDDK,0,0.24912071,0.62732387,0.5094522289049565
Homo sapiens,HLA-A0301,11,artificial,IQVWAEPLLDD,0,0.06675017,0.0012574792,0.013035228293433971
Homo sapiens,HLA-A0301,11,artificial,LLESVTTATGW,0,0.07573128,0.01829502,0.014897008817166118
Homo sapiens,HLA-A0301,11,artificial,GATRLLPLLTR,0,0.22208568,0.13879311,0.05257174424688511
Homo sapiens,HLA-A0301,11,artificial,GDAVDPAVVSR,0,0.11179496,0.0077106655,0.01624578456537805
Homo sapiens,HLA-A6801,8,artificial,TKGLPLSA,0,0.03764543,0.0018709898,0.011615164594042002
Homo sapiens,HLA-A6801,8,artificial,AGREVTKA,0,0.029632285,0.00043576956,0.011149318409309985
Homo sapiens,HLA-A6801,8,artificial,LAEVLELD,0,0.03133422,0.00028026104,0.011217204202029788
Homo sapiens,HLA-A6801,8,artificial,ETRDAVDG,0,0.1018084,0.00041672587,0.014965993776512573
Homo sapiens,HLA-A6801,8,artificial,ERRGLSKD,0,0.009527504,0.00037500262,0.010265687753438127
Homo sapiens,HLA-A6801,9,artificial,KVSPALGNA,0,0.116808265,0.033399552,0.019177464629897
Homo sapiens,HLA-A6801,9,artificial,SDRLTTRVP,0,0.09222679,0.0069618523,0.014938576283429294
Homo sapiens,HLA-A6801,9,artificial,VKHKASAGL,0,0.056753263,0.003102839,0.01264630516561471
Homo sapiens,HLA-A6801,9,artificial,RGLGTSTVA,0,0.16558082,0.00010483098,0.019358857665223796
Homo sapiens,HLA-A6801,9,artificial,PRWLVRTST,0,0.11718354,1.2890428e-05,0.01589601261190792
Homo sapiens,HLA-A6801,10,artificial,DQRGILTLIG,0,0.055073336,0.0022611618,0.012499818720409202
Homo sapiens,HLA-A6801,10,artificial,DSVAEMKNGS,0,0.057379648,0.0053401887,0.012841230950802886
Homo sapiens,HLA-A6801,10,artificial,FALELPKGAE,0,0.09810518,0.00816074,0.015404958892104104
Homo sapiens,HLA-A6801,10,artificial,VVDAATPRAR,0,0.4428234,0.07723066,0.0883381477298834
Homo sapiens,HLA-A6801,10,artificial,YPSRVLLSEV,0,0.092558,0.0047430396,0.014771339315898052
Homo sapiens,HLA-A6801,11,artificial,MLVPPLGLVLV,0,0.14360699,0.0021726787,0.017916207338214283
Homo sapiens,HLA-A6801,11,artificial,WLRRSQILRLF,0,0.082093745,0.00040835142,0.013810148631767894
Homo sapiens,HLA-A6801,11,artificial,PVGPGTAESNT,0,0.04069212,0.003052473,0.011840114818089833
Homo sapiens,HLA-A6801,11,artificial,ESTRPDGVLLS,0,0.125584,0.16477695,0.04146121353164849
Homo sapiens,HLA-A6801,11,artificial,PEYLWFIKVTT,0,0.028466761,0.0015867352,0.011169400865498998
Homo sapiens,HLA-A0101,8,artificial,KIWIALVG,0,0.052975476,0.013386875,0.013203691977068376
Homo sapiens,HLA-A0101,8,artificial,KPGAAVFK,0,0.07199328,0.007554382,0.013802785962133777
Homo sapiens,HLA-A0101,8,artificial,HGVADSDM,0,0.06784253,0.011006653,0.013840293642051102
Homo sapiens,HLA-A0101,8,artificial,NLREPTHA,0,0.06169188,0.01706475,0.01397074032057337
Homo sapiens,HLA-A0101,8,artificial,GDQCCLDP,0,0.035998747,0.0048111975,0.011732272304913558
Homo sapiens,HLA-A0101,9,artificial,EWAGLFHHQ,0,0.08193037,0.017656237,0.015222477277738811
Homo sapiens,HLA-A0101,9,artificial,PLGRGKRLD,0,0.048055604,0.00050628185,0.012025880215119874
Homo sapiens,HLA-A0101,9,artificial,GQHHAQEAG,0,0.07419106,0.0016044676,0.013463519550511822
Homo sapiens,HLA-A0101,9,artificial,AFTRGPALL,0,0.09432194,0.04040551,0.018213550669269933
Homo sapiens,HLA-A0101,9,artificial,FAVYNSGGG,0,0.097984314,0.009214789,0.01548981775084817
Homo sapiens,HLA-A0101,10,artificial,TRRLGALAIG,0,0.05643508,0.00035122037,0.012433508471453114
Homo sapiens,HLA-A0101,10,artificial,RMMSGARDGT,0,0.052969933,0.0038421154,0.01250503688932829
Homo sapiens,HLA-A0101,10,artificial,TRHFNNRPMA,0,0.07487036,0.011968613,0.014320592324035496
Homo sapiens,HLA-A0101,10,artificial,ILTAADASTD,0,0.050120324,0.0044076145,0.012400275994997934
Homo sapiens,HLA-A0101,10,artificial,DTTASHGAMH,0,0.056015655,0.04655224,0.01614105883893589
Homo sapiens,HLA-A0101,11,artificial,LAQSGAPADSL,0,0.05829376,0.08543339,0.02030349515696319
Homo sapiens,HLA-A0101,11,artificial,TAAEQFAMVDA,0,0.05907485,0.011777639,0.013412916700386092
Homo sapiens,HLA-A0101,11,artificial,LTWRTRVRMVS,0,0.10320115,0.007681042,0.015685007033747065
Homo sapiens,HLA-A0101,11,artificial,PDERALRRSSG,0,0.051209316,0.0053485334,0.01252245877966008
Homo sapiens,HLA-A0101,11,artificial,VAVGASSIDRA,0,0.060834527,0.004011512,0.012925412067150676
Homo sapiens,HLA-A2402,8,artificial,IDAQRHRP,0,0.056663334,0.00018292665,0.012433176687588438
Homo sapiens,HLA-A2402,8,artificial,EVCADLDT,0,0.05518858,0.0001322031,0.012354969665727042
Homo sapiens,HLA-A2402,8,artificial,GLGGEDNS,0,0.056985855,0.00038006902,0.01246354556957358
Homo sapiens,HLA-A2402,8,artificial,ALPDTSTG,0,0.054543138,0.0016356409,0.012428433194910292
Homo sapiens,HLA-A2402,8,artificial,HRELVTYL,0,0.043895215,0.038950175,0.014714936529481836
Homo sapiens,HLA-A2402,9,artificial,ELADHQSTR,0,0.07592599,0.012829602,0.014452885785924607
Homo sapiens,HLA-A2402,9,artificial,APVKNWLTR,0,0.07692048,0.0016682744,0.013619158692256564
Homo sapiens,HLA-A2402,9,artificial,VTYSGAKAP,0,0.12553273,0.004472822,0.016866351131470794
Homo sapiens,HLA-A2402,9,artificial,TAEAPFMDA,0,0.12270595,3.75775e-05,0.016259400924480034
Homo sapiens,HLA-A2402,9,artificial,GETLEARNG,0,0.058119476,0.00015169382,0.012505083476432892
Homo sapiens,HLA-A2402,10,artificial,EAWGRGYDRI,0,0.06846061,0.0013371408,0.01313246669759032
Homo sapiens,HLA-A2402,10,artificial,VIPFTISSAA,0,0.04017344,0.0012179613,0.01169215587544585
Homo sapiens,HLA-A2402,10,artificial,VVQVGRKVII,0,0.14083484,0.14994493,0.04057631114727277
Homo sapiens,HLA-A2402,10,artificial,QLGQSDGELI,0,0.10045019,0.23050028,0.05388592406527846
Homo sapiens,HLA-A2402,10,artificial,RFPVHNPRED,0,0.05964604,0.009583652,0.01327739473180129
Homo sapiens,HLA-A2402,11,artificial,ARERVGEVQAN,0,0.03634727,0.00020831823,0.011444712141161287
Homo sapiens,HLA-A2402,11,artificial,RLVHDDRGGHR,0,0.0498555,0.00084525347,0.012138028497365881
Homo sapiens,HLA-A2402,11,artificial,GYGLSILIETV,0,0.40794933,0.07268727,0.07554524980448431
Homo sapiens,HLA-A2402,11,artificial,RGNYRERELSD,0,0.04658565,0.011262357,0.012709228342793503
Homo sapiens,HLA-A2402,11,artificial,PSPHAWDHGLV,0,0.06542683,0.009387046,0.013578957693511702
Homo sapiens,HLA-B4402,8,artificial,GDLRAVLE,0,0.038314804,0.00017121434,0.011534663045446326
Homo sapiens,HLA-B4402,8,artificial,WEQSRQAA,0,0.0994257,0.07406849,0.022489596062218547
Homo sapiens,HLA-B4402,8,artificial,TSAAPVAL,0,0.058366716,0.00071555376,0.012557974285589874
Homo sapiens,HLA-B4402,8,artificial,ELDEAGRS,0,0.053859025,0.00012761354,0.012287758472801821
Homo sapiens,HLA-B4402,8,artificial,PEAMAVVG,0,0.07414824,0.0018367171,0.013478968434883611
Homo sapiens,HLA-B4402,9,artificial,CPDEAGRVA,0,0.06811765,0.0073987544,0.013574356324433764
Homo sapiens,HLA-B4402,9,artificial,QWLAAAART,0,0.097712815,1.0346702e-05,0.014684480147214308
Homo sapiens,HLA-B4402,9,artificial,ALDRRGTET,0,0.066838056,1.453587e-05,0.012947964240918708
Homo sapiens,HLA-B4402,9,artificial,DMLDAQKTE,0,0.098504364,0.002349317,0.014928996331575793
Homo sapiens,HLA-B4402,9,artificial,IFLTTYVRP,0,0.07622966,0.00012654066,0.013462239818329325
Homo sapiens,HLA-B4402,10,artificial,VTGILNRYGA,0,0.040672243,0.00022652745,0.011649983681271108
Homo sapiens,HLA-B4402,10,artificial,LTDQEAPSDP,0,0.049452394,0.00015687943,0.012070626245099806
Homo sapiens,HLA-B4402,10,artificial,IVAGRVEVAH,0,0.052577704,0.0002528429,0.01223235923056812
Homo sapiens,HLA-B4402,10,artificial,EKGPHQATVR,0,0.058211178,0.00023627281,0.012515793242645507
Homo sapiens,HLA-B4402,10,artificial,DRPRCLVHGG,0,0.046302423,6.3994e-07,0.011905715671804727
Homo sapiens,HLA-B4402,11,artificial,IPVAHSAIGRL,0,0.053512737,0.0024510622,0.012433874895083411
Homo sapiens,HLA-B4402,11,artificial,GRARATLELLR,0,0.031079918,5.229256e-06,0.011187987730093423
Homo sapiens,HLA-B4402,11,artificial,ADTLFTLEYEV,0,0.058549732,0.036631823,0.015415340741771158
Homo sapiens,HLA-B4402,11,artificial,EPTARLRTLRK,0,0.033530027,0.007040173,0.01176303684867105
Homo sapiens,HLA-B4402,11,artificial,GAALDDEDLAV,0,0.06660208,0.00045964122,0.01296832160026879
Homo sapiens,HLA-C0602,8,artificial,RSLMDVLA,0,0.07860848,0.00062066317,0.01363174019193673
Homo sapiens,HLA-C0602,8,artificial,SASVVSYM,0,0.07314792,0.30775654,0.07359163077482674
Homo sapiens,HLA-C0602,8,artificial,IAKHDANM,0,0.08913943,0.031698942,0.016975746066132332
Homo sapiens,HLA-C0602,8,artificial,DHKTASTE,0,0.07751869,0.042672038,0.017232066401845988
Homo sapiens,HLA-C0602,8,artificial,RLSGLAGK,0,0.06996879,0.08580583,0.02133090451143843
Homo sapiens,HLA-C0602,9,artificial,EYGGHVFDA,0,0.12875052,0.012243569,0.017857656317866906
Homo sapiens,HLA-C0602,9,artificial,GERDIRAQD,0,0.060708255,0.002053678,0.012775550266570497
Homo sapiens,HLA-C0602,9,artificial,LLQGEVRIY,0,0.1715594,0.6960584,0.5283697112303233
Homo sapiens,HLA-C0602,9,artificial,NIRVHAGEQ,0,0.1669429,0.014496833,0.021115233817865436
Homo sapiens,HLA-C0602,9,artificial,PRRTAAGYT,0,0.08278678,0.00064617395,0.013867969094958214
Homo sapiens,HLA-C0602,10,artificial,HVFPQHASTS,0,0.07012898,0.05819267,0.01825962568447237
Homo sapiens,HLA-C0602,10,artificial,MEATVGVFEA,0,0.095816314,0.00536713,0.015021822758536078
Homo sapiens,HLA-C0602,10,artificial,SAVCLPARNT,0,0.07477152,0.014571726,0.014528217921534144
Homo sapiens,HLA-C0602,10,artificial,PFIGFKDFGM,0,0.09129274,0.008539557,0.01501585297585746
Homo sapiens,HLA-C0602,10,artificial,RLRYPWGGAS,0,0.06700459,0.0005117059,0.012993488731415618
Homo sapiens,HLA-C0602,11,artificial,EGYVAERLLAE,0,0.05502528,0.02500087,0.01422385274133251
Homo sapiens,HLA-C0602,11,artificial,DFFGDLRDNNL,0,0.14592648,0.21843714,0.06025247434676534
Homo sapiens,HLA-C0602,11,artificial,RAAELDAIGDA,0,0.094824344,0.001173079,0.014608928490349194
Homo sapiens,HLA-C0602,11,artificial,TVGFGPRPVEV,0,0.09305203,0.09385276,0.02450187608337375
Homo sapiens,HLA-C0602,11,artificial,AAHMAGEVIEA,0,0.096233994,0.0034092665,0.014880946747051236
Homo sapiens,HLA-C1402,8,artificial,VPTMIREL,0,0.051677182,0.05638212,0.016768252796007112
Homo sapiens,HLA-C1402,8,artificial,AKPLTSEP,0,0.06266542,0.001378268,0.012828574159244831
Homo sapiens,HLA-C1402,8,artificial,APSRDSPA,0,0.0860575,0.0006785989,0.014056693591111212
Homo sapiens,HLA-C1402,8,artificial,FPVVPPPF,0,0.074200034,0.029143125,0.0157452027265947
Homo sapiens,HLA-C1402,8,artificial,TVHPYRLT,0,0.07762718,0.02275899,0.015397969780232142
Homo sapiens,HLA-C1402,9,artificial,ADGDNRDRR,0,0.06853007,3.164636e-05,0.013038935784998802
Homo sapiens,HLA-C1402,9,artificial,DRYVLLATS,0,0.12044765,0.0010703504,0.016205436347276066
Homo sapiens,HLA-C1402,9,artificial,GFAGLHMAA,0,0.37852615,0.0051259995,0.04671843499061724
Homo sapiens,HLA-C1402,9,artificial,LPFQETALK,0,0.10030976,0.03598374,0.01820016507756396
Homo sapiens,HLA-C1402,9,artificial,SRGALAVAA,0,0.2377511,0.00894466,0.027232940113862476
Homo sapiens,HLA-C1402,10,artificial,ETVAGQVRED,0,0.05757658,0.0007582605,0.012520578862192489
Homo sapiens,HLA-C1402,10,artificial,RRYAQWAELT,0,0.16899587,0.00018286705,0.019637363734421705
Homo sapiens,HLA-C1402,10,artificial,IRPSDRGVIS,0,0.16003793,0.004972011,0.019457003995704557
Homo sapiens,HLA-C1402,10,artificial,IRVEHDLNRR,0,0.095222816,0.000687629,0.01459234617932795
Homo sapiens,HLA-C1402,10,artificial,LVPRKGRKPR,0,0.084943265,0.002808988,0.014163541102415255
Homo sapiens,HLA-C1402,11,artificial,GSRAAMAAFAL,0,0.14235626,0.0006303489,0.01767038364269875
Homo sapiens,HLA-C1402,11,artificial,RIDFSAANVKV,0,0.094575405,0.11592385,0.02790616028627613
Homo sapiens,HLA-C1402,11,artificial,KVQYVFFTVED,0,0.11681327,0.05163595,0.021259643977162554
Homo sapiens,HLA-C1402,11,artificial,RAKEAPFTTIP,0,0.11333284,0.013241321,0.016868636253549306
Homo sapiens,HLA-C1402,11,artificial,EPMDTNLTPSL,0,0.117858395,0.28156614,0.07592809997235554
Homo sapiens,HLA-B0702,8,artificial,SYHPGYQN,0,0.06801525,0.1138449,0.02478556000317239
Homo sapiens,HLA-B0702,8,artificial,PNIRLNRL,0,0.060553327,0.8424795,0.6222682688544269
Homo sapiens,HLA-B0702,8,artificial,VRPASPTH,0,0.065765575,0.013066709,0.013885341672868892
Homo sapiens,HLA-B0702,8,artificial,ESVYRVRA,0,0.11226033,0.00037661195,0.015612953245143543
Homo sapiens,HLA-B0702,8,artificial,DADAWVFR,0,0.09241912,0.016899675,0.01581826622532781
Homo sapiens,HLA-B0702,9,artificial,ARFYRAEVR,0,0.10357551,0.004323721,0.015412308333300227
Homo sapiens,HLA-B0702,9,artificial,RQQLAAATT,0,0.4413623,0.0016199946,0.058622526419522536
Homo sapiens,HLA-B0702,9,artificial,SELTGLVDK,0,0.069701016,0.10721105,0.02404033721750043
Homo sapiens,HLA-B0702,9,artificial,DPAGSRWVA,0,0.27248362,0.17885843,0.07928170290075784
Homo sapiens,HLA-B0702,9,artificial,SVLHDPRGA,0,0.10979104,0.046512157,0.020074274111358745
Homo sapiens,HLA-B0702,10,artificial,DACIGVDGPA,0,0.100132704,0.008278459,0.015542995552180399
Homo sapiens,HLA-B0702,10,artificial,YAALAAERRL,0,0.17784128,0.12644443,0.041260954947212214
Homo sapiens,HLA-B0702,10,artificial,GGAAAMEPHP,0,0.044735074,0.017685115,0.013083377159797321
Homo sapiens,HLA-B0702,10,artificial,AVDTPAALGP,0,0.0669097,0.11640683,0.025033443048930223
Homo sapiens,HLA-B0702,10,artificial,VVGKDDLSPG,0,0.07419515,0.08414349,0.02149611909718303
Homo sapiens,HLA-B0702,11,artificial,GPAPKRAIPGK,0,0.13888092,0.7507369,0.5729426251423684
Homo sapiens,HLA-B0702,11,artificial,TALGGLDTNKV,0,0.09586832,0.33818603,0.09420383579615137
Homo sapiens,HLA-B0702,11,artificial,RNLVNTTGAGD,0,0.07049775,0.016244859,0.01441386732998031
Homo sapiens,HLA-B0702,11,artificial,QFAFRAEAPKG,0,0.074010015,0.024568439,0.0153296308772676
Homo sapiens,HLA-B0702,11,artificial,APERAGEGESE,0,0.23390555,0.51015264,0.3316178730135118
Homo sapiens,HLA-B3801,8,artificial,EVGRASSG,0,0.026552051,5.1318584e-05,0.010985680780369498
Homo sapiens,HLA-B3801,8,artificial,TFEGDRTD,0,0.040674016,0.0063966513,0.012067024866971136
Homo sapiens,HLA-B3801,8,artificial,AHETHRFT,0,0.07606399,0.0075296164,0.014031768125594105
Homo sapiens,HLA-B3801,8,artificial,GIEFGQVY,0,0.07020444,0.0021229386,0.01328550530746466
Homo sapiens,HLA-B3801,8,artificial,ASAGWGVD,0,0.022486836,2.1303475e-05,0.010802728633322977
Homo sapiens,HLA-B3801,9,artificial,RSRTAGSES,0,0.061925918,1.2156193e-05,0.012690813028073062
Homo sapiens,HLA-B3801,9,artificial,DRDRVGANS,0,0.123956576,0.00047963858,0.016383340681305026
Homo sapiens,HLA-B3801,9,artificial,PRLGKVAFA,0,0.08278039,0.004235387,0.01415356667034106
Homo sapiens,HLA-B3801,9,artificial,GRFQEQFDF,0,0.11842948,0.87801206,0.7197829042333941
Homo sapiens,HLA-B3801,9,artificial,SWAASTRSP,0,0.074083954,0.0010628104,0.013416226180984023
Homo sapiens,HLA-B3801,10,artificial,ESTEAATDAA,0,0.0465111,0.004290372,0.01221071396243899
Homo sapiens,HLA-B3801,10,artificial,DDGISAADTG,0,0.05087313,5.3267093e-05,0.012133701960951137
Homo sapiens,HLA-B3801,10,artificial,WVRSHSGGAV,0,0.08019522,0.000109526845,0.013680387292362114
Homo sapiens,HLA-B3801,10,artificial,APGGRDVPVF,0,0.07778664,0.06928289,0.020055075699651283
Homo sapiens,HLA-B3801,10,artificial,DDEAPGGMIT,0,0.08948395,0.00019970536,0.014215608417066494
Homo sapiens,HLA-B3801,11,artificial,GDYAFSVGLGA,0,0.06496036,0.00016263127,0.012859970067882651
Homo sapiens,HLA-B3801,11,artificial,EQNRYNGQTAG,0,0.055909455,0.0009633899,0.012450191370709386
Homo sapiens,HLA-B3801,11,artificial,GAGTPPALLAG,0,0.039790258,0.00022479892,0.011607961086474588
Homo sapiens,HLA-B3801,11,artificial,AHTVLQVLGYG,0,0.05623001,0.0048181117,0.012743186236727962
Homo sapiens,HLA-B3801,11,artificial,PRLRVGTGKLE,0,0.062051237,0.0043005943,0.013011136912538985
Homo sapiens,HLA-B0801,8,artificial,AMFTTNPQ,0,0.0748343,0.031648666,0.016011985682885168
Homo sapiens,HLA-B0801,8,artificial,LWAAEDGV,0,0.064501464,0.0001244843,0.012833121909075262
Homo sapiens,HLA-B0801,8,artificial,LAPRWGEG,0,0.08229688,0.00045192242,0.013825016085280875
Homo sapiens,HLA-B0801,8,artificial,AFHVSVLV,0,0.08624335,0.14221984,0.03126818337060866
Homo sapiens,HLA-B0801,8,artificial,APSDALEV,0,0.14905055,0.065749586,0.02621689668499709
Homo sapiens,HLA-B0801,9,artificial,FIKNDRAII,0,0.70538175,0.9860673,0.9818912326168494
Homo sapiens,HLA-B0801,9,artificial,DVEEHAWGD,0,0.08532557,0.014037788,0.015120374290797649
Homo sapiens,HLA-B0801,9,artificial,APEVGYETA,0,0.12339994,0.13936546,0.03570031912922807
Homo sapiens,HLA-B0801,9,artificial,AYGLLSPGG,0,0.07605776,0.0025241673,0.01363757357117233
Homo sapiens,HLA-B0801,9,artificial,DYGPDNGHT,0,0.06791249,0.0077377856,0.01358919035848089
Homo sapiens,HLA-B0801,10,artificial,FEEKSGGPEV,0,0.10125968,0.52393574,0.23690090821260906
Homo sapiens,HLA-B0801,10,artificial,TPVTIEYGRQ,0,0.0884479,0.032806188,0.017034707836889363
Homo sapiens,HLA-B0801,10,artificial,TFVGTLLGET,0,0.051592812,0.05728945,0.016848970711720503
Homo sapiens,HLA-B0801,10,artificial,NREAVGQAER,0,0.076612964,0.0003180802,0.013498003230107282
Homo sapiens,HLA-B0801,10,artificial,EWARAYDGPE,0,0.06484155,0.008793682,0.013500931275798865
Homo sapiens,HLA-B0801,11,artificial,AAGSIRAPGKQ,0,0.062949985,0.09750587,0.022148842169431634
Homo sapiens,HLA-B0801,11,artificial,VSFELAGHLKE,0,0.068166256,0.45484364,0.15380722259090016
Homo sapiens,HLA-B0801,11,artificial,SDAFVVGVTVN,0,0.050662547,0.013065904,0.013055811664184758
Homo sapiens,HLA-B0801,11,artificial,DGGRQDDFGLD,0,0.05446139,0.0012108386,0.012394259676724759
Homo sapiens,HLA-B0801,11,artificial,VPATLYARAMG,0,0.11681801,0.016259193,0.01740442508220171
Homo sapiens,HLA-C0802,8,artificial,ALSAEDRG,0,0.068898946,1.4088742e-05,0.01305726990468762
Homo sapiens,HLA-C0802,8,artificial,LGARAGES,0,0.08389445,0.00013017654,0.013889909479594677
Homo sapiens,HLA-C0802,8,artificial,VTAQPPGM,0,0.09409371,0.012071788,0.015495826460212069
Homo sapiens,HLA-C0802,8,artificial,APEFPNEH,0,0.060799524,0.033772647,0.015306597277146445
Homo sapiens,HLA-C0802,8,artificial,EAAREAYA,0,0.10874428,0.00034800172,0.015388619838358677
Homo sapiens,HLA-C0802,9,artificial,DDVARDKGW,0,0.0755454,0.0047392845,0.013781681632865096
Homo sapiens,HLA-C0802,9,artificial,VWPQVRRKP,0,0.0723705,0.0014891028,0.01335514833092896
Homo sapiens,HLA-C0802,9,artificial,MFDSPVQHR,0,0.1694817,0.8219938,0.6966402047696449
Homo sapiens,HLA-C0802,9,artificial,EGASDAALG,0,0.073186755,0.00071144104,0.013340519984309565
Homo sapiens,HLA-C0802,9,artificial,DEVGAWKRH,0,0.073976174,3.0025756e-05,0.013331748675584792
Homo sapiens,HLA-C0802,10,artificial,DGEQPFMVPT,0,0.066762775,0.0019461513,0.013087100664103027
Homo sapiens,HLA-C0802,10,artificial,PALPELLLAD,0,0.04978016,0.0010192692,0.01214633106112539
Homo sapiens,HLA-C0802,10,artificial,LVARIGLVQT,0,0.085496485,0.00023111701,0.013988943698356432
Homo sapiens,HLA-C0802,10,artificial,IVAETGTLVP,0,0.08073154,0.0018769503,0.013848864784170392
Homo sapiens,HLA-C0802,10,artificial,IRYAEGPEVP,0,0.060079902,0.0021081269,0.012746780770004407
Homo sapiens,HLA-C0802,11,artificial,RLRPAQSAAAQ,0,0.10593262,0.00058603287,0.015234072999234884
Homo sapiens,HLA-C0802,11,artificial,EPNRYLNRSGP,0,0.06317407,0.009719104,0.013480222529109218
Homo sapiens,HLA-C0802,11,artificial,APPSNRGETSR,0,0.054196298,0.038930684,0.015343586039001305
Homo sapiens,HLA-C0802,11,artificial,VLAGNEAAKAV,0,0.12806329,0.0021659732,0.01681926687583304
Homo sapiens,HLA-C0802,11,artificial,MTDPLVEVLGY,0,0.15174116,0.98762107,0.8472601362465673
